"","Runs","Splits","gs--cor","hc--aic-g"
"1",1,1,"14.7080457101055","10.5169251177938"
"2",1,2,"15.0151675184015","10.5977115523023"
"3",2,1,"15.349601109514","10.5937322692857"
"4",2,2,"15.015213203943","10.6035886470489"
"5",NA,NA,"constrained-based","score-based"
"6",NA,NA,"15.022006885491","10.5779893966077"
"7",NA,NA,"0.226840238992405","0.0292332956062659"
