"","Runs","Splits","gs--cor","hc--aic-g"
"1",1,1,"14.7080457101055",NA
"2",1,2,"15.0151675184015",NA
"3",2,1,"15.349601109514",NA
"4",2,2,"15.015213203943",NA
"5",NA,NA,"constrained-based",NA
"6",NA,NA,"15.022006885491",NA
"7",NA,NA,"0.226840238992405",NA
